Label,Network,id,reorder,colour,id_7n,network_7n,colour_7n
17Networks_LH_VisCent_ExStr_1,VisCent,1,1,#781286,1,Vis,#9C755FFF
17Networks_LH_VisCent_ExStr_2,VisCent,1,2,#781286,1,Vis,#9C755FFF
17Networks_LH_VisCent_ExStr_3,VisCent,1,3,#781286,1,Vis,#9C755FFF
17Networks_LH_VisCent_ExStr_4,VisCent,1,4,#781286,1,Vis,#9C755FFF
17Networks_LH_VisCent_ExStr_5,VisCent,1,5,#781286,1,Vis,#9C755FFF
17Networks_LH_VisCent_ExStr_6,VisCent,1,6,#781286,1,Vis,#9C755FFF
17Networks_LH_VisCent_Striate_1,VisCent,1,7,#781286,1,Vis,#9C755FFF
17Networks_LH_VisCent_ExStr_7,VisCent,1,8,#781286,1,Vis,#9C755FFF
17Networks_LH_VisCent_ExStr_8,VisCent,1,9,#781286,1,Vis,#9C755FFF
17Networks_LH_VisCent_ExStr_9,VisCent,1,10,#781286,1,Vis,#9C755FFF
17Networks_LH_VisCent_ExStr_10,VisCent,1,11,#781286,1,Vis,#9C755FFF
17Networks_LH_VisCent_ExStr_11,VisCent,1,12,#781286,1,Vis,#9C755FFF
17Networks_RH_VisCent_ExStr_1,VisCent,1,201,#781286,1,Vis,#9C755FFF
17Networks_RH_VisCent_ExStr_2,VisCent,1,202,#781286,1,Vis,#9C755FFF
17Networks_RH_VisCent_ExStr_3,VisCent,1,203,#781286,1,Vis,#9C755FFF
17Networks_RH_VisCent_ExStr_4,VisCent,1,204,#781286,1,Vis,#9C755FFF
17Networks_RH_VisCent_ExStr_5,VisCent,1,205,#781286,1,Vis,#9C755FFF
17Networks_RH_VisCent_ExStr_6,VisCent,1,206,#781286,1,Vis,#9C755FFF
17Networks_RH_VisCent_Striate_1,VisCent,1,207,#781286,1,Vis,#9C755FFF
17Networks_RH_VisCent_ExStr_7,VisCent,1,208,#781286,1,Vis,#9C755FFF
17Networks_RH_VisCent_ExStr_8,VisCent,1,209,#781286,1,Vis,#9C755FFF
17Networks_RH_VisCent_ExStr_9,VisCent,1,210,#781286,1,Vis,#9C755FFF
17Networks_RH_VisCent_ExStr_10,VisCent,1,211,#781286,1,Vis,#9C755FFF
17Networks_RH_VisCent_ExStr_11,VisCent,1,212,#781286,1,Vis,#9C755FFF
17Networks_LH_VisPeri_ExStrInf_1,VisPeri,2,13,#FF0000,1,Vis,#9C755FFF
17Networks_LH_VisPeri_ExStrInf_2,VisPeri,2,14,#FF0000,1,Vis,#9C755FFF
17Networks_LH_VisPeri_ExStrInf_3,VisPeri,2,15,#FF0000,1,Vis,#9C755FFF
17Networks_LH_VisPeri_ExStrInf_4,VisPeri,2,16,#FF0000,1,Vis,#9C755FFF
17Networks_LH_VisPeri_ExStrInf_5,VisPeri,2,17,#FF0000,1,Vis,#9C755FFF
17Networks_LH_VisPeri_StriCal_1,VisPeri,2,18,#FF0000,1,Vis,#9C755FFF
17Networks_LH_VisPeri_StriCal_2,VisPeri,2,19,#FF0000,1,Vis,#9C755FFF
17Networks_LH_VisPeri_ExStrSup_1,VisPeri,2,20,#FF0000,1,Vis,#9C755FFF
17Networks_LH_VisPeri_ExStrSup_2,VisPeri,2,21,#FF0000,1,Vis,#9C755FFF
17Networks_LH_VisPeri_ExStrSup_3,VisPeri,2,22,#FF0000,1,Vis,#9C755FFF
17Networks_LH_VisPeri_ExStrSup_4,VisPeri,2,23,#FF0000,1,Vis,#9C755FFF
17Networks_LH_VisPeri_ExStrSup_5,VisPeri,2,24,#FF0000,1,Vis,#9C755FFF
17Networks_RH_VisPeri_ExStrInf_1,VisPeri,2,213,#FF0000,1,Vis,#9C755FFF
17Networks_RH_VisPeri_ExStrInf_2,VisPeri,2,214,#FF0000,1,Vis,#9C755FFF
17Networks_RH_VisPeri_ExStrInf_3,VisPeri,2,215,#FF0000,1,Vis,#9C755FFF
17Networks_RH_VisPeri_ExStrInf_4,VisPeri,2,216,#FF0000,1,Vis,#9C755FFF
17Networks_RH_VisPeri_ExStrInf_5,VisPeri,2,217,#FF0000,1,Vis,#9C755FFF
17Networks_RH_VisPeri_StriCal_1,VisPeri,2,218,#FF0000,1,Vis,#9C755FFF
17Networks_RH_VisPeri_StriCal_2,VisPeri,2,219,#FF0000,1,Vis,#9C755FFF
17Networks_RH_VisPeri_ExStrSup_1,VisPeri,2,220,#FF0000,1,Vis,#9C755FFF
17Networks_RH_VisPeri_ExStrSup_2,VisPeri,2,221,#FF0000,1,Vis,#9C755FFF
17Networks_RH_VisPeri_ExStrSup_3,VisPeri,2,222,#FF0000,1,Vis,#9C755FFF
17Networks_RH_VisPeri_ExStrSup_4,VisPeri,2,223,#FF0000,1,Vis,#9C755FFF
17Networks_LH_SomMotA_1,SomMotA,3,25,#4682B4,2,SomMot,#F28E2BFF
17Networks_LH_SomMotA_2,SomMotA,3,26,#4682B4,2,SomMot,#F28E2BFF
17Networks_LH_SomMotA_3,SomMotA,3,27,#4682B4,2,SomMot,#F28E2BFF
17Networks_LH_SomMotA_4,SomMotA,3,28,#4682B4,2,SomMot,#F28E2BFF
17Networks_LH_SomMotA_5,SomMotA,3,29,#4682B4,2,SomMot,#F28E2BFF
17Networks_LH_SomMotA_6,SomMotA,3,30,#4682B4,2,SomMot,#F28E2BFF
17Networks_LH_SomMotA_7,SomMotA,3,31,#4682B4,2,SomMot,#F28E2BFF
17Networks_LH_SomMotA_8,SomMotA,3,32,#4682B4,2,SomMot,#F28E2BFF
17Networks_LH_SomMotA_9,SomMotA,3,33,#4682B4,2,SomMot,#F28E2BFF
17Networks_LH_SomMotA_10,SomMotA,3,34,#4682B4,2,SomMot,#F28E2BFF
17Networks_LH_SomMotA_11,SomMotA,3,35,#4682B4,2,SomMot,#F28E2BFF
17Networks_LH_SomMotA_12,SomMotA,3,36,#4682B4,2,SomMot,#F28E2BFF
17Networks_LH_SomMotA_13,SomMotA,3,37,#4682B4,2,SomMot,#F28E2BFF
17Networks_LH_SomMotA_14,SomMotA,3,38,#4682B4,2,SomMot,#F28E2BFF
17Networks_LH_SomMotA_15,SomMotA,3,39,#4682B4,2,SomMot,#F28E2BFF
17Networks_LH_SomMotA_16,SomMotA,3,40,#4682B4,2,SomMot,#F28E2BFF
17Networks_LH_SomMotA_17,SomMotA,3,41,#4682B4,2,SomMot,#F28E2BFF
17Networks_LH_SomMotA_18,SomMotA,3,42,#4682B4,2,SomMot,#F28E2BFF
17Networks_LH_SomMotA_19,SomMotA,3,43,#4682B4,2,SomMot,#F28E2BFF
17Networks_RH_SomMotA_1,SomMotA,3,224,#4682B4,2,SomMot,#F28E2BFF
17Networks_RH_SomMotA_2,SomMotA,3,225,#4682B4,2,SomMot,#F28E2BFF
17Networks_RH_SomMotA_3,SomMotA,3,226,#4682B4,2,SomMot,#F28E2BFF
17Networks_RH_SomMotA_4,SomMotA,3,227,#4682B4,2,SomMot,#F28E2BFF
17Networks_RH_SomMotA_5,SomMotA,3,228,#4682B4,2,SomMot,#F28E2BFF
17Networks_RH_SomMotA_6,SomMotA,3,229,#4682B4,2,SomMot,#F28E2BFF
17Networks_RH_SomMotA_7,SomMotA,3,230,#4682B4,2,SomMot,#F28E2BFF
17Networks_RH_SomMotA_8,SomMotA,3,231,#4682B4,2,SomMot,#F28E2BFF
17Networks_RH_SomMotA_9,SomMotA,3,232,#4682B4,2,SomMot,#F28E2BFF
17Networks_RH_SomMotA_10,SomMotA,3,233,#4682B4,2,SomMot,#F28E2BFF
17Networks_RH_SomMotA_11,SomMotA,3,234,#4682B4,2,SomMot,#F28E2BFF
17Networks_RH_SomMotA_12,SomMotA,3,235,#4682B4,2,SomMot,#F28E2BFF
17Networks_RH_SomMotA_13,SomMotA,3,236,#4682B4,2,SomMot,#F28E2BFF
17Networks_RH_SomMotA_14,SomMotA,3,237,#4682B4,2,SomMot,#F28E2BFF
17Networks_RH_SomMotA_15,SomMotA,3,238,#4682B4,2,SomMot,#F28E2BFF
17Networks_RH_SomMotA_16,SomMotA,3,239,#4682B4,2,SomMot,#F28E2BFF
17Networks_RH_SomMotA_17,SomMotA,3,240,#4682B4,2,SomMot,#F28E2BFF
17Networks_RH_SomMotA_18,SomMotA,3,241,#4682B4,2,SomMot,#F28E2BFF
17Networks_RH_SomMotA_19,SomMotA,3,242,#4682B4,2,SomMot,#F28E2BFF
17Networks_RH_SomMotA_20,SomMotA,3,243,#4682B4,2,SomMot,#F28E2BFF
17Networks_LH_SomMotB_Aud_1,SomMotB,4,44,#2ACCA4,2,SomMot,#F28E2BFF
17Networks_LH_SomMotB_Aud_2,SomMotB,4,45,#2ACCA4,2,SomMot,#F28E2BFF
17Networks_LH_SomMotB_Ins_1,SomMotB,4,46,#2ACCA4,2,SomMot,#F28E2BFF
17Networks_LH_SomMotB_S2_1,SomMotB,4,47,#2ACCA4,2,SomMot,#F28E2BFF
17Networks_LH_SomMotB_S2_2,SomMotB,4,48,#2ACCA4,2,SomMot,#F28E2BFF
17Networks_LH_SomMotB_Aud_3,SomMotB,4,49,#2ACCA4,2,SomMot,#F28E2BFF
17Networks_LH_SomMotB_Aud_4,SomMotB,4,50,#2ACCA4,2,SomMot,#F28E2BFF
17Networks_LH_SomMotB_S2_3,SomMotB,4,51,#2ACCA4,2,SomMot,#F28E2BFF
17Networks_LH_SomMotB_S2_4,SomMotB,4,52,#2ACCA4,2,SomMot,#F28E2BFF
17Networks_LH_SomMotB_S2_5,SomMotB,4,53,#2ACCA4,2,SomMot,#F28E2BFF
17Networks_LH_SomMotB_S2_6,SomMotB,4,54,#2ACCA4,2,SomMot,#F28E2BFF
17Networks_LH_SomMotB_Cent_1,SomMotB,4,55,#2ACCA4,2,SomMot,#F28E2BFF
17Networks_LH_SomMotB_Cent_2,SomMotB,4,56,#2ACCA4,2,SomMot,#F28E2BFF
17Networks_LH_SomMotB_Cent_3,SomMotB,4,57,#2ACCA4,2,SomMot,#F28E2BFF
17Networks_LH_SomMotB_Cent_4,SomMotB,4,58,#2ACCA4,2,SomMot,#F28E2BFF
17Networks_LH_SomMotB_Cent_5,SomMotB,4,59,#2ACCA4,2,SomMot,#F28E2BFF
17Networks_RH_SomMotB_Aud_1,SomMotB,4,244,#2ACCA4,2,SomMot,#F28E2BFF
17Networks_RH_SomMotB_Aud_2,SomMotB,4,245,#2ACCA4,2,SomMot,#F28E2BFF
17Networks_RH_SomMotB_Ins_1,SomMotB,4,246,#2ACCA4,2,SomMot,#F28E2BFF
17Networks_RH_SomMotB_S2_1,SomMotB,4,247,#2ACCA4,2,SomMot,#F28E2BFF
17Networks_RH_SomMotB_S2_2,SomMotB,4,248,#2ACCA4,2,SomMot,#F28E2BFF
17Networks_RH_SomMotB_Aud_3,SomMotB,4,249,#2ACCA4,2,SomMot,#F28E2BFF
17Networks_RH_SomMotB_S2_3,SomMotB,4,250,#2ACCA4,2,SomMot,#F28E2BFF
17Networks_RH_SomMotB_S2_4,SomMotB,4,251,#2ACCA4,2,SomMot,#F28E2BFF
17Networks_RH_SomMotB_S2_5,SomMotB,4,252,#2ACCA4,2,SomMot,#F28E2BFF
17Networks_RH_SomMotB_S2_6,SomMotB,4,253,#2ACCA4,2,SomMot,#F28E2BFF
17Networks_RH_SomMotB_S2_7,SomMotB,4,254,#2ACCA4,2,SomMot,#F28E2BFF
17Networks_RH_SomMotB_S2_8,SomMotB,4,255,#2ACCA4,2,SomMot,#F28E2BFF
17Networks_RH_SomMotB_Cent_1,SomMotB,4,256,#2ACCA4,2,SomMot,#F28E2BFF
17Networks_RH_SomMotB_Cent_2,SomMotB,4,257,#2ACCA4,2,SomMot,#F28E2BFF
17Networks_RH_SomMotB_Cent_3,SomMotB,4,258,#2ACCA4,2,SomMot,#F28E2BFF
17Networks_LH_DorsAttnA_TempOcc_1,DorsAttnA,5,60,#4A9B3C,3,DorsAttn,#E15759FF
17Networks_LH_DorsAttnA_TempOcc_2,DorsAttnA,5,61,#4A9B3C,3,DorsAttn,#E15759FF
17Networks_LH_DorsAttnA_TempOcc_3,DorsAttnA,5,62,#4A9B3C,3,DorsAttn,#E15759FF
17Networks_LH_DorsAttnA_TempOcc_4,DorsAttnA,5,63,#4A9B3C,3,DorsAttn,#E15759FF
17Networks_LH_DorsAttnA_ParOcc_1,DorsAttnA,5,64,#4A9B3C,3,DorsAttn,#E15759FF
17Networks_LH_DorsAttnA_ParOcc_2,DorsAttnA,5,65,#4A9B3C,3,DorsAttn,#E15759FF
17Networks_LH_DorsAttnA_SPL_1,DorsAttnA,5,66,#4A9B3C,3,DorsAttn,#E15759FF
17Networks_LH_DorsAttnA_SPL_2,DorsAttnA,5,67,#4A9B3C,3,DorsAttn,#E15759FF
17Networks_LH_DorsAttnA_SPL_3,DorsAttnA,5,68,#4A9B3C,3,DorsAttn,#E15759FF
17Networks_LH_DorsAttnA_SPL_4,DorsAttnA,5,69,#4A9B3C,3,DorsAttn,#E15759FF
17Networks_LH_DorsAttnA_SPL_5,DorsAttnA,5,70,#4A9B3C,3,DorsAttn,#E15759FF
17Networks_LH_DorsAttnA_SPL_6,DorsAttnA,5,71,#4A9B3C,3,DorsAttn,#E15759FF
17Networks_LH_DorsAttnA_SPL_7,DorsAttnA,5,72,#4A9B3C,3,DorsAttn,#E15759FF
17Networks_RH_DorsAttnA_TempOcc_1,DorsAttnA,5,259,#4A9B3C,3,DorsAttn,#E15759FF
17Networks_RH_DorsAttnA_TempOcc_2,DorsAttnA,5,260,#4A9B3C,3,DorsAttn,#E15759FF
17Networks_RH_DorsAttnA_TempOcc_3,DorsAttnA,5,261,#4A9B3C,3,DorsAttn,#E15759FF
17Networks_RH_DorsAttnA_ParOcc_1,DorsAttnA,5,262,#4A9B3C,3,DorsAttn,#E15759FF
17Networks_RH_DorsAttnA_ParOcc_2,DorsAttnA,5,263,#4A9B3C,3,DorsAttn,#E15759FF
17Networks_RH_DorsAttnA_ParOcc_3,DorsAttnA,5,264,#4A9B3C,3,DorsAttn,#E15759FF
17Networks_RH_DorsAttnA_SPL_1,DorsAttnA,5,265,#4A9B3C,3,DorsAttn,#E15759FF
17Networks_RH_DorsAttnA_SPL_2,DorsAttnA,5,266,#4A9B3C,3,DorsAttn,#E15759FF
17Networks_RH_DorsAttnA_SPL_3,DorsAttnA,5,267,#4A9B3C,3,DorsAttn,#E15759FF
17Networks_RH_DorsAttnA_SPL_4,DorsAttnA,5,268,#4A9B3C,3,DorsAttn,#E15759FF
17Networks_RH_DorsAttnA_SPL_5,DorsAttnA,5,269,#4A9B3C,3,DorsAttn,#E15759FF
17Networks_RH_DorsAttnA_SPL_6,DorsAttnA,5,270,#4A9B3C,3,DorsAttn,#E15759FF
17Networks_RH_DorsAttnA_SPL_7,DorsAttnA,5,271,#4A9B3C,3,DorsAttn,#E15759FF
17Networks_RH_DorsAttnA_SPL_8,DorsAttnA,5,272,#4A9B3C,3,DorsAttn,#E15759FF
17Networks_LH_DorsAttnB_PostC_1,DorsAttnB,6,73,#00760E,3,DorsAttn,#E15759FF
17Networks_LH_DorsAttnB_PostC_2,DorsAttnB,6,74,#00760E,3,DorsAttn,#E15759FF
17Networks_LH_DorsAttnB_PostC_3,DorsAttnB,6,75,#00760E,3,DorsAttn,#E15759FF
17Networks_LH_DorsAttnB_PostC_4,DorsAttnB,6,76,#00760E,3,DorsAttn,#E15759FF
17Networks_LH_DorsAttnB_PostC_5,DorsAttnB,6,77,#00760E,3,DorsAttn,#E15759FF
17Networks_LH_DorsAttnB_PostC_6,DorsAttnB,6,78,#00760E,3,DorsAttn,#E15759FF
17Networks_LH_DorsAttnB_PostC_7,DorsAttnB,6,79,#00760E,3,DorsAttn,#E15759FF
17Networks_LH_DorsAttnB_PostC_8,DorsAttnB,6,80,#00760E,3,DorsAttn,#E15759FF
17Networks_LH_DorsAttnB_PostC_9,DorsAttnB,6,81,#00760E,3,DorsAttn,#E15759FF
17Networks_LH_DorsAttnB_FEF_1,DorsAttnB,6,82,#00760E,3,DorsAttn,#E15759FF
17Networks_LH_DorsAttnB_FEF_2,DorsAttnB,6,83,#00760E,3,DorsAttn,#E15759FF
17Networks_LH_DorsAttnB_FEF_3,DorsAttnB,6,84,#00760E,3,DorsAttn,#E15759FF
17Networks_LH_DorsAttnB_PrCv_1,DorsAttnB,6,85,#00760E,3,DorsAttn,#E15759FF
17Networks_RH_DorsAttnB_TempOcc_1,DorsAttnB,6,273,#00760E,3,DorsAttn,#E15759FF
17Networks_RH_DorsAttnB_PostC_1,DorsAttnB,6,274,#00760E,3,DorsAttn,#E15759FF
17Networks_RH_DorsAttnB_PostC_2,DorsAttnB,6,275,#00760E,3,DorsAttn,#E15759FF
17Networks_RH_DorsAttnB_PostC_3,DorsAttnB,6,276,#00760E,3,DorsAttn,#E15759FF
17Networks_RH_DorsAttnB_PostC_4,DorsAttnB,6,277,#00760E,3,DorsAttn,#E15759FF
17Networks_RH_DorsAttnB_PostC_5,DorsAttnB,6,278,#00760E,3,DorsAttn,#E15759FF
17Networks_RH_DorsAttnB_PostC_6,DorsAttnB,6,279,#00760E,3,DorsAttn,#E15759FF
17Networks_RH_DorsAttnB_PostC_7,DorsAttnB,6,280,#00760E,3,DorsAttn,#E15759FF
17Networks_RH_DorsAttnB_PostC_8,DorsAttnB,6,281,#00760E,3,DorsAttn,#E15759FF
17Networks_RH_DorsAttnB_FEF_1,DorsAttnB,6,282,#00760E,3,DorsAttn,#E15759FF
17Networks_RH_DorsAttnB_FEF_2,DorsAttnB,6,283,#00760E,3,DorsAttn,#E15759FF
17Networks_RH_DorsAttnB_FEF_3,DorsAttnB,6,284,#00760E,3,DorsAttn,#E15759FF
17Networks_LH_SalVentAttnA_ParOper_1,SalVentAttnA,7,86,#C43AFA,4,SalVentAttn,#76B7B2FF
17Networks_LH_SalVentAttnA_ParOper_2,SalVentAttnA,7,87,#C43AFA,4,SalVentAttn,#76B7B2FF
17Networks_LH_SalVentAttnA_ParOper_3,SalVentAttnA,7,88,#C43AFA,4,SalVentAttn,#76B7B2FF
17Networks_LH_SalVentAttnA_Ins_1,SalVentAttnA,7,89,#C43AFA,4,SalVentAttn,#76B7B2FF
17Networks_LH_SalVentAttnA_Ins_2,SalVentAttnA,7,90,#C43AFA,4,SalVentAttn,#76B7B2FF
17Networks_LH_SalVentAttnA_Ins_3,SalVentAttnA,7,91,#C43AFA,4,SalVentAttn,#76B7B2FF
17Networks_LH_SalVentAttnA_Ins_4,SalVentAttnA,7,92,#C43AFA,4,SalVentAttn,#76B7B2FF
17Networks_LH_SalVentAttnA_FrOper_1,SalVentAttnA,7,93,#C43AFA,4,SalVentAttn,#76B7B2FF
17Networks_LH_SalVentAttnA_FrOper_2,SalVentAttnA,7,94,#C43AFA,4,SalVentAttn,#76B7B2FF
17Networks_LH_SalVentAttnA_ParMed_1,SalVentAttnA,7,95,#C43AFA,4,SalVentAttn,#76B7B2FF
17Networks_LH_SalVentAttnA_ParMed_2,SalVentAttnA,7,96,#C43AFA,4,SalVentAttn,#76B7B2FF
17Networks_LH_SalVentAttnA_ParMed_3,SalVentAttnA,7,97,#C43AFA,4,SalVentAttn,#76B7B2FF
17Networks_LH_SalVentAttnA_FrMed_1,SalVentAttnA,7,98,#C43AFA,4,SalVentAttn,#76B7B2FF
17Networks_LH_SalVentAttnA_FrMed_2,SalVentAttnA,7,99,#C43AFA,4,SalVentAttn,#76B7B2FF
17Networks_LH_SalVentAttnA_FrMed_3,SalVentAttnA,7,100,#C43AFA,4,SalVentAttn,#76B7B2FF
17Networks_RH_SalVentAttnA_ParOper_1,SalVentAttnA,7,285,#C43AFA,4,SalVentAttn,#76B7B2FF
17Networks_RH_SalVentAttnA_ParOper_2,SalVentAttnA,7,286,#C43AFA,4,SalVentAttn,#76B7B2FF
17Networks_RH_SalVentAttnA_ParOper_3,SalVentAttnA,7,287,#C43AFA,4,SalVentAttn,#76B7B2FF
17Networks_RH_SalVentAttnA_PrC_1,SalVentAttnA,7,288,#C43AFA,4,SalVentAttn,#76B7B2FF
17Networks_RH_SalVentAttnA_Ins_1,SalVentAttnA,7,289,#C43AFA,4,SalVentAttn,#76B7B2FF
17Networks_RH_SalVentAttnA_Ins_2,SalVentAttnA,7,290,#C43AFA,4,SalVentAttn,#76B7B2FF
17Networks_RH_SalVentAttnA_Ins_3,SalVentAttnA,7,291,#C43AFA,4,SalVentAttn,#76B7B2FF
17Networks_RH_SalVentAttnA_Ins_4,SalVentAttnA,7,292,#C43AFA,4,SalVentAttn,#76B7B2FF
17Networks_RH_SalVentAttnA_FrOper_1,SalVentAttnA,7,293,#C43AFA,4,SalVentAttn,#76B7B2FF
17Networks_RH_SalVentAttnA_FrOper_2,SalVentAttnA,7,294,#C43AFA,4,SalVentAttn,#76B7B2FF
17Networks_RH_SalVentAttnA_FrOper_3,SalVentAttnA,7,295,#C43AFA,4,SalVentAttn,#76B7B2FF
17Networks_RH_SalVentAttnA_FrMed_1,SalVentAttnA,7,296,#C43AFA,4,SalVentAttn,#76B7B2FF
17Networks_RH_SalVentAttnA_ParMed_1,SalVentAttnA,7,297,#C43AFA,4,SalVentAttn,#76B7B2FF
17Networks_RH_SalVentAttnA_ParMed_2,SalVentAttnA,7,298,#C43AFA,4,SalVentAttn,#76B7B2FF
17Networks_RH_SalVentAttnA_FrMed_2,SalVentAttnA,7,299,#C43AFA,4,SalVentAttn,#76B7B2FF
17Networks_RH_SalVentAttnA_ParMed_3,SalVentAttnA,7,300,#C43AFA,4,SalVentAttn,#76B7B2FF
17Networks_RH_SalVentAttnA_ParMed_4,SalVentAttnA,7,301,#C43AFA,4,SalVentAttn,#76B7B2FF
17Networks_RH_SalVentAttnA_FrMed_3,SalVentAttnA,7,302,#C43AFA,4,SalVentAttn,#76B7B2FF
17Networks_RH_SalVentAttnA_FrMed_4,SalVentAttnA,7,303,#C43AFA,4,SalVentAttn,#76B7B2FF
17Networks_LH_SalVentAttnB_PFCl_1,SalVentAttnB,8,101,#FF98D5,4,SalVentAttn,#76B7B2FF
17Networks_LH_SalVentAttnB_PFCl_2,SalVentAttnB,8,102,#FF98D5,4,SalVentAttn,#76B7B2FF
17Networks_LH_SalVentAttnB_PFCl_3,SalVentAttnB,8,103,#FF98D5,4,SalVentAttn,#76B7B2FF
17Networks_LH_SalVentAttnB_Ins_1,SalVentAttnB,8,104,#FF98D5,4,SalVentAttn,#76B7B2FF
17Networks_LH_SalVentAttnB_Ins_2,SalVentAttnB,8,105,#FF98D5,4,SalVentAttn,#76B7B2FF
17Networks_LH_SalVentAttnB_Ins_3,SalVentAttnB,8,106,#FF98D5,4,SalVentAttn,#76B7B2FF
17Networks_LH_SalVentAttnB_OFC_1,SalVentAttnB,8,107,#FF98D5,4,SalVentAttn,#76B7B2FF
17Networks_LH_SalVentAttnB_PFCmp_1,SalVentAttnB,8,108,#FF98D5,4,SalVentAttn,#76B7B2FF
17Networks_RH_SalVentAttnB_IPL_1,SalVentAttnB,8,304,#FF98D5,4,SalVentAttn,#76B7B2FF
17Networks_RH_SalVentAttnB_PFClv_1,SalVentAttnB,8,305,#FF98D5,4,SalVentAttn,#76B7B2FF
17Networks_RH_SalVentAttnB_PFCl_1,SalVentAttnB,8,306,#FF98D5,4,SalVentAttn,#76B7B2FF
17Networks_RH_SalVentAttnB_PFCl_2,SalVentAttnB,8,307,#FF98D5,4,SalVentAttn,#76B7B2FF
17Networks_RH_SalVentAttnB_PFCl_3,SalVentAttnB,8,308,#FF98D5,4,SalVentAttn,#76B7B2FF
17Networks_RH_SalVentAttnB_Ins_1,SalVentAttnB,8,309,#FF98D5,4,SalVentAttn,#76B7B2FF
17Networks_RH_SalVentAttnB_Ins_2,SalVentAttnB,8,310,#FF98D5,4,SalVentAttn,#76B7B2FF
17Networks_RH_SalVentAttnB_PFCmp_1,SalVentAttnB,8,311,#FF98D5,4,SalVentAttn,#76B7B2FF
17Networks_RH_SalVentAttnB_PFCmp_2,SalVentAttnB,8,312,#FF98D5,4,SalVentAttn,#76B7B2FF
17Networks_LH_LimbicB_OFC_1,LimbicB,9,109,#7A8732,5,Limbic,#59A14FFF
17Networks_LH_LimbicB_OFC_2,LimbicB,9,110,#7A8732,5,Limbic,#59A14FFF
17Networks_LH_LimbicB_OFC_3,LimbicB,9,111,#7A8732,5,Limbic,#59A14FFF
17Networks_LH_LimbicB_OFC_4,LimbicB,9,112,#7A8732,5,Limbic,#59A14FFF
17Networks_LH_LimbicB_OFC_5,LimbicB,9,113,#7A8732,5,Limbic,#59A14FFF
17Networks_RH_LimbicB_OFC_1,LimbicB,9,313,#7A8732,5,Limbic,#59A14FFF
17Networks_RH_LimbicB_OFC_2,LimbicB,9,314,#7A8732,5,Limbic,#59A14FFF
17Networks_RH_LimbicB_OFC_3,LimbicB,9,315,#7A8732,5,Limbic,#59A14FFF
17Networks_RH_LimbicB_OFC_4,LimbicB,9,316,#7A8732,5,Limbic,#59A14FFF
17Networks_RH_LimbicB_OFC_5,LimbicB,9,317,#7A8732,5,Limbic,#59A14FFF
17Networks_RH_LimbicB_OFC_6,LimbicB,9,318,#7A8732,5,Limbic,#59A14FFF
17Networks_LH_LimbicA_TempPole_1,LimbicA,10,114,#DCF8A4,5,Limbic,#59A14FFF
17Networks_LH_LimbicA_TempPole_2,LimbicA,10,115,#DCF8A4,5,Limbic,#59A14FFF
17Networks_LH_LimbicA_TempPole_3,LimbicA,10,116,#DCF8A4,5,Limbic,#59A14FFF
17Networks_LH_LimbicA_TempPole_4,LimbicA,10,117,#DCF8A4,5,Limbic,#59A14FFF
17Networks_LH_LimbicA_TempPole_5,LimbicA,10,118,#DCF8A4,5,Limbic,#59A14FFF
17Networks_LH_LimbicA_TempPole_6,LimbicA,10,119,#DCF8A4,5,Limbic,#59A14FFF
17Networks_LH_LimbicA_TempPole_7,LimbicA,10,120,#DCF8A4,5,Limbic,#59A14FFF
17Networks_RH_LimbicA_TempPole_1,LimbicA,10,319,#DCF8A4,5,Limbic,#59A14FFF
17Networks_RH_LimbicA_TempPole_2,LimbicA,10,320,#DCF8A4,5,Limbic,#59A14FFF
17Networks_RH_LimbicA_TempPole_3,LimbicA,10,321,#DCF8A4,5,Limbic,#59A14FFF
17Networks_RH_LimbicA_TempPole_4,LimbicA,10,322,#DCF8A4,5,Limbic,#59A14FFF
17Networks_RH_LimbicA_TempPole_5,LimbicA,10,323,#DCF8A4,5,Limbic,#59A14FFF
17Networks_RH_LimbicA_TempPole_6,LimbicA,10,324,#DCF8A4,5,Limbic,#59A14FFF
17Networks_LH_ContA_Temp_1,ContA,11,121,#778CB0,6,Cont,#EDC948FF
17Networks_LH_ContA_IPS_1,ContA,11,122,#778CB0,6,Cont,#EDC948FF
17Networks_LH_ContA_IPS_2,ContA,11,123,#778CB0,6,Cont,#EDC948FF
17Networks_LH_ContA_IPS_3,ContA,11,124,#778CB0,6,Cont,#EDC948FF
17Networks_LH_ContA_IPS_4,ContA,11,125,#778CB0,6,Cont,#EDC948FF
17Networks_LH_ContA_IPS_5,ContA,11,126,#778CB0,6,Cont,#EDC948FF
17Networks_LH_ContA_PFCd_1,ContA,11,127,#778CB0,6,Cont,#EDC948FF
17Networks_LH_ContA_PFClv_1,ContA,11,128,#778CB0,6,Cont,#EDC948FF
17Networks_LH_ContA_PFClv_2,ContA,11,129,#778CB0,6,Cont,#EDC948FF
17Networks_LH_ContA_PFCl_1,ContA,11,130,#778CB0,6,Cont,#EDC948FF
17Networks_LH_ContA_PFCl_2,ContA,11,131,#778CB0,6,Cont,#EDC948FF
17Networks_LH_ContA_PFCl_3,ContA,11,132,#778CB0,6,Cont,#EDC948FF
17Networks_LH_ContA_Cingm_1,ContA,11,133,#778CB0,6,Cont,#EDC948FF
17Networks_RH_ContA_IPS_1,ContA,11,325,#778CB0,6,Cont,#EDC948FF
17Networks_RH_ContA_IPS_2,ContA,11,326,#778CB0,6,Cont,#EDC948FF
17Networks_RH_ContA_IPS_3,ContA,11,327,#778CB0,6,Cont,#EDC948FF
17Networks_RH_ContA_IPS_4,ContA,11,328,#778CB0,6,Cont,#EDC948FF
17Networks_RH_ContA_PFCd_1,ContA,11,329,#778CB0,6,Cont,#EDC948FF
17Networks_RH_ContA_PFCl_1,ContA,11,330,#778CB0,6,Cont,#EDC948FF
17Networks_RH_ContA_PFCl_2,ContA,11,331,#778CB0,6,Cont,#EDC948FF
17Networks_RH_ContA_PFCl_3,ContA,11,332,#778CB0,6,Cont,#EDC948FF
17Networks_RH_ContA_PFCl_4,ContA,11,333,#778CB0,6,Cont,#EDC948FF
17Networks_RH_ContA_PFCl_5,ContA,11,334,#778CB0,6,Cont,#EDC948FF
17Networks_RH_ContA_Cingm_1,ContA,11,335,#778CB0,6,Cont,#EDC948FF
17Networks_LH_ContB_Temp_1,ContB,12,134,#E69422,6,Cont,#EDC948FF
17Networks_LH_ContB_Temp_2,ContB,12,135,#E69422,6,Cont,#EDC948FF
17Networks_LH_ContB_IPL_1,ContB,12,136,#E69422,6,Cont,#EDC948FF
17Networks_LH_ContB_IPL_2,ContB,12,137,#E69422,6,Cont,#EDC948FF
17Networks_LH_ContB_IPL_3,ContB,12,138,#E69422,6,Cont,#EDC948FF
17Networks_LH_ContB_PFCd_1,ContB,12,139,#E69422,6,Cont,#EDC948FF
17Networks_LH_ContB_PFClv_1,ContB,12,140,#E69422,6,Cont,#EDC948FF
17Networks_LH_ContB_PFClv_2,ContB,12,141,#E69422,6,Cont,#EDC948FF
17Networks_LH_ContB_PFClv_3,ContB,12,142,#E69422,6,Cont,#EDC948FF
17Networks_LH_ContB_PFCmp_1,ContB,12,143,#E69422,6,Cont,#EDC948FF
17Networks_RH_ContB_Temp_1,ContB,12,336,#E69422,6,Cont,#EDC948FF
17Networks_RH_ContB_Temp_2,ContB,12,337,#E69422,6,Cont,#EDC948FF
17Networks_RH_ContB_IPL_1,ContB,12,338,#E69422,6,Cont,#EDC948FF
17Networks_RH_ContB_IPL_2,ContB,12,339,#E69422,6,Cont,#EDC948FF
17Networks_RH_ContB_IPL_3,ContB,12,340,#E69422,6,Cont,#EDC948FF
17Networks_RH_ContB_IPL_4,ContB,12,341,#E69422,6,Cont,#EDC948FF
17Networks_RH_ContB_PFCld_1,ContB,12,342,#E69422,6,Cont,#EDC948FF
17Networks_RH_ContB_PFCld_2,ContB,12,343,#E69422,6,Cont,#EDC948FF
17Networks_RH_ContB_PFCld_3,ContB,12,344,#E69422,6,Cont,#EDC948FF
17Networks_RH_ContB_PFCld_4,ContB,12,345,#E69422,6,Cont,#EDC948FF
17Networks_RH_ContB_PFClv_1,ContB,12,346,#E69422,6,Cont,#EDC948FF
17Networks_RH_ContB_PFClv_2,ContB,12,347,#E69422,6,Cont,#EDC948FF
17Networks_RH_ContB_PFClv_3,ContB,12,348,#E69422,6,Cont,#EDC948FF
17Networks_RH_ContB_PFClv_4,ContB,12,349,#E69422,6,Cont,#EDC948FF
17Networks_RH_ContB_PFCmp_1,ContB,12,350,#E69422,6,Cont,#EDC948FF
17Networks_LH_ContC_pCun_1,ContC,13,144,#87324A,6,Cont,#EDC948FF
17Networks_LH_ContC_pCun_2,ContC,13,145,#87324A,6,Cont,#EDC948FF
17Networks_LH_ContC_pCun_3,ContC,13,146,#87324A,6,Cont,#EDC948FF
17Networks_LH_ContC_Cingp_1,ContC,13,147,#87324A,6,Cont,#EDC948FF
17Networks_LH_ContC_Cingp_2,ContC,13,148,#87324A,6,Cont,#EDC948FF
17Networks_RH_ContC_pCun_1,ContC,13,351,#87324A,6,Cont,#EDC948FF
17Networks_RH_ContC_pCun_2,ContC,13,352,#87324A,6,Cont,#EDC948FF
17Networks_RH_ContC_pCun_3,ContC,13,353,#87324A,6,Cont,#EDC948FF
17Networks_RH_ContC_pCun_4,ContC,13,354,#87324A,6,Cont,#EDC948FF
17Networks_RH_ContC_pCun_5,ContC,13,355,#87324A,6,Cont,#EDC948FF
17Networks_RH_ContC_Cingp_1,ContC,13,356,#87324A,6,Cont,#EDC948FF
17Networks_RH_ContC_Cingp_2,ContC,13,357,#87324A,6,Cont,#EDC948FF
17Networks_LH_DefaultA_IPL_1,DefaultA,14,149,#000082,7,Default,#B07AA1FF
17Networks_LH_DefaultA_IPL_2,DefaultA,14,150,#000082,7,Default,#B07AA1FF
17Networks_LH_DefaultA_PFCd_1,DefaultA,14,151,#000082,7,Default,#B07AA1FF
17Networks_LH_DefaultA_PFCd_2,DefaultA,14,152,#000082,7,Default,#B07AA1FF
17Networks_LH_DefaultA_PFCd_3,DefaultA,14,153,#000082,7,Default,#B07AA1FF
17Networks_LH_DefaultA_pCunPCC_1,DefaultA,14,154,#000082,7,Default,#B07AA1FF
17Networks_LH_DefaultA_pCunPCC_2,DefaultA,14,155,#000082,7,Default,#B07AA1FF
17Networks_LH_DefaultA_pCunPCC_3,DefaultA,14,156,#000082,7,Default,#B07AA1FF
17Networks_LH_DefaultA_pCunPCC_4,DefaultA,14,157,#000082,7,Default,#B07AA1FF
17Networks_LH_DefaultA_pCunPCC_5,DefaultA,14,158,#000082,7,Default,#B07AA1FF
17Networks_LH_DefaultA_pCunPCC_6,DefaultA,14,159,#000082,7,Default,#B07AA1FF
17Networks_LH_DefaultA_pCunPCC_7,DefaultA,14,160,#000082,7,Default,#B07AA1FF
17Networks_LH_DefaultA_PFCm_1,DefaultA,14,161,#000082,7,Default,#B07AA1FF
17Networks_LH_DefaultA_PFCm_2,DefaultA,14,162,#000082,7,Default,#B07AA1FF
17Networks_LH_DefaultA_PFCm_3,DefaultA,14,163,#000082,7,Default,#B07AA1FF
17Networks_LH_DefaultA_PFCm_4,DefaultA,14,164,#000082,7,Default,#B07AA1FF
17Networks_LH_DefaultA_PFCm_5,DefaultA,14,165,#000082,7,Default,#B07AA1FF
17Networks_LH_DefaultA_PFCm_6,DefaultA,14,166,#000082,7,Default,#B07AA1FF
17Networks_RH_DefaultA_Temp_1,DefaultA,14,358,#000082,7,Default,#B07AA1FF
17Networks_RH_DefaultA_IPL_1,DefaultA,14,359,#000082,7,Default,#B07AA1FF
17Networks_RH_DefaultA_IPL_2,DefaultA,14,360,#000082,7,Default,#B07AA1FF
17Networks_RH_DefaultA_PFCd_1,DefaultA,14,361,#000082,7,Default,#B07AA1FF
17Networks_RH_DefaultA_PFCd_2,DefaultA,14,362,#000082,7,Default,#B07AA1FF
17Networks_RH_DefaultA_pCunPCC_1,DefaultA,14,363,#000082,7,Default,#B07AA1FF
17Networks_RH_DefaultA_pCunPCC_2,DefaultA,14,364,#000082,7,Default,#B07AA1FF
17Networks_RH_DefaultA_pCunPCC_3,DefaultA,14,365,#000082,7,Default,#B07AA1FF
17Networks_RH_DefaultA_pCunPCC_4,DefaultA,14,366,#000082,7,Default,#B07AA1FF
17Networks_RH_DefaultA_pCunPCC_5,DefaultA,14,367,#000082,7,Default,#B07AA1FF
17Networks_RH_DefaultA_PFCm_1,DefaultA,14,368,#000082,7,Default,#B07AA1FF
17Networks_RH_DefaultA_PFCm_2,DefaultA,14,369,#000082,7,Default,#B07AA1FF
17Networks_RH_DefaultA_PFCm_3,DefaultA,14,370,#000082,7,Default,#B07AA1FF
17Networks_RH_DefaultA_PFCm_4,DefaultA,14,371,#000082,7,Default,#B07AA1FF
17Networks_RH_DefaultA_PFCm_5,DefaultA,14,372,#000082,7,Default,#B07AA1FF
17Networks_RH_DefaultA_PFCm_6,DefaultA,14,373,#000082,7,Default,#B07AA1FF
17Networks_LH_DefaultB_Temp_1,DefaultB,15,167,#FFFF00,7,Default,#B07AA1FF
17Networks_LH_DefaultB_Temp_2,DefaultB,15,168,#FFFF00,7,Default,#B07AA1FF
17Networks_LH_DefaultB_Temp_3,DefaultB,15,169,#FFFF00,7,Default,#B07AA1FF
17Networks_LH_DefaultB_Temp_4,DefaultB,15,170,#FFFF00,7,Default,#B07AA1FF
17Networks_LH_DefaultB_Temp_5,DefaultB,15,171,#FFFF00,7,Default,#B07AA1FF
17Networks_LH_DefaultB_Temp_6,DefaultB,15,172,#FFFF00,7,Default,#B07AA1FF
17Networks_LH_DefaultB_IPL_1,DefaultB,15,173,#FFFF00,7,Default,#B07AA1FF
17Networks_LH_DefaultB_IPL_2,DefaultB,15,174,#FFFF00,7,Default,#B07AA1FF
17Networks_LH_DefaultB_PFCd_1,DefaultB,15,175,#FFFF00,7,Default,#B07AA1FF
17Networks_LH_DefaultB_PFCd_2,DefaultB,15,176,#FFFF00,7,Default,#B07AA1FF
17Networks_LH_DefaultB_PFCd_3,DefaultB,15,177,#FFFF00,7,Default,#B07AA1FF
17Networks_LH_DefaultB_PFCd_4,DefaultB,15,178,#FFFF00,7,Default,#B07AA1FF
17Networks_LH_DefaultB_PFCd_5,DefaultB,15,179,#FFFF00,7,Default,#B07AA1FF
17Networks_LH_DefaultB_PFCd_6,DefaultB,15,180,#FFFF00,7,Default,#B07AA1FF
17Networks_LH_DefaultB_PFCl_1,DefaultB,15,181,#FFFF00,7,Default,#B07AA1FF
17Networks_LH_DefaultB_PFCl_2,DefaultB,15,182,#FFFF00,7,Default,#B07AA1FF
17Networks_LH_DefaultB_PFCv_1,DefaultB,15,183,#FFFF00,7,Default,#B07AA1FF
17Networks_LH_DefaultB_PFCv_2,DefaultB,15,184,#FFFF00,7,Default,#B07AA1FF
17Networks_LH_DefaultB_PFCv_3,DefaultB,15,185,#FFFF00,7,Default,#B07AA1FF
17Networks_LH_DefaultB_PFCv_4,DefaultB,15,186,#FFFF00,7,Default,#B07AA1FF
17Networks_LH_DefaultB_PFCv_5,DefaultB,15,187,#FFFF00,7,Default,#B07AA1FF
17Networks_RH_DefaultB_Temp_1,DefaultB,15,374,#FFFF00,7,Default,#B07AA1FF
17Networks_RH_DefaultB_Temp_2,DefaultB,15,375,#FFFF00,7,Default,#B07AA1FF
17Networks_RH_DefaultB_AntTemp_1,DefaultB,15,376,#FFFF00,7,Default,#B07AA1FF
17Networks_RH_DefaultB_PFCd_1,DefaultB,15,377,#FFFF00,7,Default,#B07AA1FF
17Networks_RH_DefaultB_PFCd_2,DefaultB,15,378,#FFFF00,7,Default,#B07AA1FF
17Networks_RH_DefaultB_PFCd_3,DefaultB,15,379,#FFFF00,7,Default,#B07AA1FF
17Networks_RH_DefaultB_PFCd_4,DefaultB,15,380,#FFFF00,7,Default,#B07AA1FF
17Networks_RH_DefaultB_PFCd_5,DefaultB,15,381,#FFFF00,7,Default,#B07AA1FF
17Networks_RH_DefaultB_PFCv_1,DefaultB,15,382,#FFFF00,7,Default,#B07AA1FF
17Networks_RH_DefaultB_PFCv_2,DefaultB,15,383,#FFFF00,7,Default,#B07AA1FF
17Networks_RH_DefaultB_PFCv_3,DefaultB,15,384,#FFFF00,7,Default,#B07AA1FF
17Networks_LH_DefaultC_IPL_1,DefaultC,16,188,#CD3E4E,7,Default,#B07AA1FF
17Networks_LH_DefaultC_Rsp_1,DefaultC,16,189,#CD3E4E,7,Default,#B07AA1FF
17Networks_LH_DefaultC_Rsp_2,DefaultC,16,190,#CD3E4E,7,Default,#B07AA1FF
17Networks_LH_DefaultC_Rsp_3,DefaultC,16,191,#CD3E4E,7,Default,#B07AA1FF
17Networks_LH_DefaultC_PHC_1,DefaultC,16,192,#CD3E4E,7,Default,#B07AA1FF
17Networks_LH_DefaultC_PHC_2,DefaultC,16,193,#CD3E4E,7,Default,#B07AA1FF
17Networks_LH_DefaultC_PHC_3,DefaultC,16,194,#CD3E4E,7,Default,#B07AA1FF
17Networks_RH_DefaultC_IPL_1,DefaultC,16,385,#CD3E4E,7,Default,#B07AA1FF
17Networks_RH_DefaultC_IPL_2,DefaultC,16,386,#CD3E4E,7,Default,#B07AA1FF
17Networks_RH_DefaultC_Rsp_1,DefaultC,16,387,#CD3E4E,7,Default,#B07AA1FF
17Networks_RH_DefaultC_Rsp_2,DefaultC,16,388,#CD3E4E,7,Default,#B07AA1FF
17Networks_RH_DefaultC_PHC_1,DefaultC,16,389,#CD3E4E,7,Default,#B07AA1FF
17Networks_RH_DefaultC_PHC_2,DefaultC,16,390,#CD3E4E,7,Default,#B07AA1FF
17Networks_LH_TempPar_1,TempPar,17,195,#0C30FF,7,Default,#B07AA1FF
17Networks_LH_TempPar_2,TempPar,17,196,#0C30FF,7,Default,#B07AA1FF
17Networks_LH_TempPar_3,TempPar,17,197,#0C30FF,7,Default,#B07AA1FF
17Networks_LH_TempPar_4,TempPar,17,198,#0C30FF,7,Default,#B07AA1FF
17Networks_LH_TempPar_5,TempPar,17,199,#0C30FF,7,Default,#B07AA1FF
17Networks_LH_TempPar_6,TempPar,17,200,#0C30FF,7,Default,#B07AA1FF
17Networks_RH_TempPar_1,TempPar,17,391,#0C30FF,7,Default,#B07AA1FF
17Networks_RH_TempPar_2,TempPar,17,392,#0C30FF,7,Default,#B07AA1FF
17Networks_RH_TempPar_3,TempPar,17,393,#0C30FF,7,Default,#B07AA1FF
17Networks_RH_TempPar_4,TempPar,17,394,#0C30FF,7,Default,#B07AA1FF
17Networks_RH_TempPar_5,TempPar,17,395,#0C30FF,7,Default,#B07AA1FF
17Networks_RH_TempPar_6,TempPar,17,396,#0C30FF,7,Default,#B07AA1FF
17Networks_RH_TempPar_7,TempPar,17,397,#0C30FF,7,Default,#B07AA1FF
17Networks_RH_TempPar_8,TempPar,17,398,#0C30FF,7,Default,#B07AA1FF
17Networks_RH_TempPar_9,TempPar,17,399,#0C30FF,7,Default,#B07AA1FF
17Networks_RH_TempPar_10,TempPar,17,400,#0C30FF,7,Default,#B07AA1FF
Subcortex,Subcortex,18,401,#8b0000,8,Subcort,#5575b3FF
Subcortex,Subcortex,18,402,#8b0000,8,Subcort,#5575b3FF
Subcortex,Subcortex,18,403,#8b0000,8,Subcort,#5575b3FF
Subcortex,Subcortex,18,404,#8b0000,8,Subcort,#5575b3FF
Subcortex,Subcortex,18,405,#8b0000,8,Subcort,#5575b3FF
Subcortex,Subcortex,18,406,#8b0000,8,Subcort,#5575b3FF
Subcortex,Subcortex,18,407,#8b0000,8,Subcort,#5575b3FF
Subcortex,Subcortex,18,408,#8b0000,8,Subcort,#5575b3FF
Subcortex,Subcortex,18,409,#8b0000,8,Subcort,#5575b3FF
Subcortex,Subcortex,18,410,#8b0000,8,Subcort,#5575b3FF
Subcortex,Subcortex,18,411,#8b0000,8,Subcort,#5575b3FF
Subcortex,Subcortex,18,412,#8b0000,8,Subcort,#5575b3FF
Subcortex,Subcortex,18,413,#8b0000,8,Subcort,#5575b3FF
Subcortex,Subcortex,18,414,#8b0000,8,Subcort,#5575b3FF
Subcortex,Subcortex,18,415,#8b0000,8,Subcort,#5575b3FF
Subcortex,Subcortex,18,416,#8b0000,8,Subcort,#5575b3FF
Subcortex,Subcortex,18,417,#8b0000,8,Subcort,#5575b3FF
Subcortex,Subcortex,18,418,#8b0000,8,Subcort,#5575b3FF
Subcortex,Subcortex,18,419,#8b0000,8,Subcort,#5575b3FF